heading,article
"aWA s\kr FOdoEegirq FyrOdKgi FOjdfbe \bA-sp [aKbi xkjg s\k BG [OESDjl
rgKfDjgdG [lragegKfDjlKEe FOdoErq ZAoyrDjl, FOdoEreqKb oOGeoyrDjl","TAWkM, al 03 2023 : [OM fDjkTqlM KDfbrlEGK \beg\E, aegwbj ([GKbA) e 'sA ekB mlG [K jgcE fbxlrj' okTq qlejxg aSkr aegwbjxg vgixg rgKfDjgdG wbAeadsg olrsD_k-fjKgir ZKg wkiFOdeSgq 'fDjkTqlM KOmgrjgfg akjv' s TjOTee rgKfDjgdG Sjr FOdSgq FOdoEegirq FyrOdKgixg aebir ag[OT s\kxg \bA-sp, xkjgevgiq BG [OESgqx mOTee [KOd-[wE \kBeSDjl!

FyrOd [\kAqr KDflG [aKbi KlEfDjlM [kjAr wbmgK WOjK (Kg [l wg [lW) eGfDjx [kjagxg akTsprxg SbGKb SbGmkT afgd vke wkTq aSOTxg wjKelMKgie FOdoEegirq FyrOdKgi [Kgqb FOjdoEreq oOGeSgqxg aag aWA [aGfr fkSgrqx mOTee Fy[OTe FOjdoEreq oOGejdwKb Bq WISgrl!

[rbA [OTead [OTjdmgq WgzAKgi [Kgrxg olEe KkFgq WgzA [ar [OTjd-feqxgrad aegwbj mpZkdsg sagKej (oOA) e ZKg FOdSgq [Ojrj [ar ZKgrxg ebagG aZkeg vbNe aegwbjxg aWA wbAeadf aOqkTM rlfk KjzgKKgi [Fgiq FASDjl!

sagKej (oOA) xg [Ojrj [Kge WOirOdwxg afbiTEe rgjldfj clejlM [OW wbmgK (rg cg wg) aegwbje ZKg wgjdSgq jgwOjG [ar [OM fDjkTqlM KDfbrlEGK \beg\E ([GKbA) e vgixg rgKfDjgdGKgir jlmgKgi KgESgqx mOTee vgixg rgKfDjgdG wbAeadf ZKg [\bd wbi 6 fxg oyjrbe ebiFgM wbi 4 WkBq fOflM KGrkBExg SOicI vIKgESg!

jlmg [aKbi fOflM KGrkBExg SOicI aebir fOZkE-fOZkEq WbjbNKgixg ajdf SGe-vpeq FyrOdsg jgwOjGKgi WIqx mOTee qgKebwbj [aKbi vbjkvkErwbj rgKfDjgdGf aSk fke FOdoEegirq FyrOdKgi FOjdw \kT okTe WOirOjdSg okTjg!

aKge ajA [OTjrbe sagKej (oOA) e flAwjljg KKwlEKE [OW flmgsOA KjzgKlK (wqDmgd TajclEKg [Oj wqDmgd KlWfg) jbMK, 2017 sg jbM 2 xg afbiTEe ebagG aZkegxg [OTe aegwbj wbAqr aOqkTM KjzgKsg [Fgiq FAqeg okTjg!

rg cg wgxg jgwOjG [rbr ZKgxg jlmg [aKbi fOflM KGrkBExg SOicI [rb agfp/apfpe KlrD\bMr fDjkTqsg mgKGf vMoEeqxgrad fyjdmgq rgakErxg ak\Odf vGFjdw SOicIeg okTeKb wMmg okTjg!

[rbA [OTead aOqkTM rlfk KjzgKKgi FgicgEqxg [Ojrj FOdw Sdfe FOdoEegirq FyrOdKgi FOdoErq ZAmdfqr eGfe mkAap vkdwxbA aWA [arxg [ar aFI aFI KAerbe _kTjx KErOjdwe ajA [OTjrbe rgKfDjgdG Sjxg rgKfDjgdG alcgKfDjlGKgie ZKg ebagrki wbi 7 fxg oyjrbe afA sdfe sjWg\bxg [Fgiq FAml okTrbe mkBFOdejdSg!

sDjgagelM wDjOKgcj sOr (Kg [kj wgKg), 1973 xg KldKE 144 xg Kq KldKE 2 xg aSkr sjWg\bxg [Fgiq FAml okTrbe rgKfDjgdG alcgKfDjlGKgie FOdejdSgq [OjrjKgixg aebirxg wkBvl [Kge WISgqKgir TAWkM _lKG rgKfDjgdG, qgKebwbj rgKfDjgdG, sdvgi rgKfDjgdG, vbjkvkErwbj rgKfDjgdG, cgjgqkA rgKfDjgdG, WljcOM rgKfDjgdG [aKbi flieywM rgKfDjgdGKgixg \kBSg!

aegwbj mpZkdsg akTsprxg vldKgE Fyjkieg okTrbe aOqkTM rlfk KjzgKKgi FgicgEqx mOTee sjWg\bxg [Fgiq FAcgMmq WkBqr FOdoEegirq FyrOdKgi FOjdw \kq [aKbi aFI aFIKb KAejdfbe FOdSDjq aWAKgirrg KDflG eGfDjx KlEfDjlM WOjKKgixg wjKelMKgie akicyeq vldKgE FyjkiKgi [af mySGSgrqe FOdoEegirq FyrOdKgi aSk fke [rbad FOjdSg!

FyrOdKgi [Kg wkd-KEe [axg aFIr [a aFI aFI FOjdSgqe fKliead KDflG [Kg awb wkErDjqj okTqxg _koI WkBq FOdSDjgq FyrOdKgi [Kgqb odFliee ak\OdeSgq ag\kAe WOirOdejdSg!

[rbqb ZKg ebagrki FlicgMmdmq afArrg fAwkdsg aWA Sjr aegwbj wbmgKsg akTsprxg aSk fke FOdoEegirq FyrOdKgi FOjdfeq ag\kA sEfDjOM fyeq oOGeqr aOd qOA [aKbi fg\j xlK KlMevgiq skNSgqxg aSOM fkeSg!

ajdKgr ZKg ebiFgMrxge ebagrki _kTjA [aKbi [Fliq WkBqr fOZkE-fOZkEq aWAr FOdSgq FOdoEegirq FyrOdKgixg aebir fgrgA mAqgxg fOjqbi qkimkr aKgi \kAmq SbGmkT wkTq ag[OTKgie aWA [rbr mpq \bAKgir [lfld fyrbe ap Fkjdwr [KOd-[wE \kBeSDjl okTe wkBvl [Kgr jgwOjG fyjdSg!

mOTee ZKgxg aWA s\kr FOdSgq FyrOdKgie ajA [OTjrbe [KOd-[wE \kBqrxg ZKg ebagrki WkBqr jgAK oOKwgfkMr mk\lieqxgrad wbSGejdSgq ag[OTKgixg aebirxg fgrgA mAqgxg fOjqbir eOiape wkEqrxg KOdw ag[OT [a \kBSg!

aokd Sdf eGfe KZkTwDjyxg aWA [ar FOdmdSgq FyrOdf KOdweg okTq ag[OT [aKb jgAKf mkTsEeeq wbSGmdSg!

[rbx TAWkMxg eOjF [l [O Kgr mpjgq jkc alrgKgfgre vbjkvkErwbjrxg wbmgKsg Kq TEKwldfj [a [arg vgiapjOixg SOiKkT zlir FOdSgq FyrOdf eOiape wkErbe KOdweg okTq ag[OT [aKb mkTsEeSg!

[GKbAxg mAcgi aSkr sbsg KDfbrlEGK [OjxekTclKE (sl [lK [O), flieywM [arg sl Kg [l, flieywMe sbsg _galE oD\balE jkTGK, flieywMx SbGKAerbe flieywM rgKfDjgdG olrsD_kfjrKb agfp/apfpqb mpqkd [Kgxg sEKfgfD\bKExg [lK fg mgKGf vMoExrqeg okTq rgakErxg ak\Odf wDjOflKG fyq SOivG [a vGSg!

SOivG [Kgr Kjbd \kSgqKgie flieywM rgKfDjgdGsg rlwD\bfg sagKejxg SbGFkir alaOjlErA [aKb wgKgESg!

SOivG [rb flieywM zgmlc saD\begfg oOMrxg oyjx TAWkM-aOjl mAqg fAe mkdSg [rbx flieywM rgKfDjgdGsg rlwD\bfg sagKejxg [OWgK WkBq mkdmx alaOjlErA wgSgqeg!

SOicI [Kgr fOZkE-fOZkEq WbjbNKgixg ag[OTKgie Kjbd \kSg!

SOivG [Kgr Kjbd \kSgq ag\kAe agfp [lK fg rgakEr Tc wD\bjmg KlMWgKelK, eO wDjOfldKE WOj [_kj mlEr TW apfpc qgsA [lK fg, apfpc [kj eOG fDjkTqlM, rl [kj KlrD\bM skKG, [O qg Kg [lEr qDjkoagE, jlKwldGK fDjkTqlM jkTGK, [_kj mlEr [_kj jkTGK, KDfON rgKsDjgagelKE, xzjEalEG [OW aegwbj KDfON Tzgdfgi WDjOA [_kj mlEr, rg\j Tc eO xzjEalEG mlEr TE fDjkTqlM [ljg\kc, apfpc [kj eOG jgsxekTcr TErgcgeK saD\begfg [Erj wjaelEG WOjA [OE TErgcgeK TKbc, xzjEalEG [OW aegwbj rOEG jlsalEr apfpc [lK fg rgakEr okTe Fkq wDmlskjrKgi wkTSg!

mOTee mOi mgz [GKbA okTq \kBe agfp/apfpe [lK fg rgakEr fyq \kegirl, aegwbj okT sOjGsg [Ojrj \kegirl, _g _kEG cKfgK okTqevgiq SOMmkBKgi mkBSg!

jlmg [rbr Kjbd \kSgq sbsg vgWK [lKOKg[lKE, flieywMxg wDjKgrlEG KpSOcki qkTfle WOirOdSgqr fAwkdsg TvgM TekBKgie [lK fg rgakEr fyqr aegwbj okT sOjGe [Ojrj FOdw \kegirl!

zlmge KlrD\bMr skKG, KlrD\bMr fDjkTq, [O qg Kg [arg clejlM mOTead [OTxrDj, spryZprKb zlmgxg TvgM TekB apfpKgie [lK fg [OTq \kjOT okTe WOirOdSg!

[rbA [OTead FOdoEegirq FyrOd s\k aWA s\kr wkd KEe FOdSDjqKb FyrOdKgi [Kg ak\Oderbe [_kq fkjq WbjbN [axg ag[OTKgiqb [fONw WbjbN [axg ag[OTKgie vIcWA wgqgqxg aFdf Zkd-KlErbe wbEe aoyKkxbAe mpagEeqxg FyrOdKb vbjkvkErwbj rgKfDjgdGf FOdSg!"
"sEflANG slK [axg _k\lMr okT sOjGsg [Ojrj
ogM [ljg\kc sagfgxg vljalE 1Kbi [GKbAxg wDjKgrlEG al 8 r sOjGf aKk mkdsrqeg","TAWkM, al 03 2023 : TAWkMxg sqO mpskT (rD\bmkmlEr) r mpq agfp (apfp) fDjkTq \beg\Exg KlsDjlfjg abfbA vbjkaeg agfp (62) [wOdw mpSgrDjq [lA TqOfOE agfpe mbvgiq wgfgKej 8 e agfp/apfpqb TErg\E sEKfgfD\bKExg KlrD\bMr fDjkTqsg mgKGf vMoExrqeg okTrbe okT sOjG [OW aegwbjr WkTM fyjdSgq KgzgM jgG wgfgKE eAqj 229 [OW 2023 qb sOjG [Kge mySGfbe _k\lM vGFjq afbir akjv 27, 2023 r wgSgq ccalEG [aKbi [Ojrjxg ak\Odf okT sOjG [OW aegwbjqb mkEe BoEeq Fy[Oir vgixg ag\kAqb 'TEKfgxlG' fyT okTqxg vkjcr WkTM fyjdSgq sEflANG slK [axg _k\lMr sOjG [Kgadsg [ldfgi vgW cKfgK [lA zg abjkmgrjEe ZKg wgSgq [Ojrj [ar aegwbj mlcgKmlfgz [lKlAqDmgxg ogM [ljg\kc sagfgxg vljalE [OTjgq 54-ebiqk ([lK fg) [lKlAqDmg sEKfgfD\b[lEKgxg [lA [lM [l rgixkimbi xkiap [aKbi TAWkMxg vgiapjOir mpq [rgAckfg sAwDmldKsg [OM fDjkTqlM KDfbrlEGK \beg\E, aegwbj ([GKbA) e wDjKgrlEG KpqOT okBsgNwb Fk [Kgxg 8 r sOjG [Kgr aKk-aKk mkdeq SIoESDjl!

mOTee aegwbjxg rgjldfj clejlM [OW wbmgKf aSOT [ege okT sOjGe wgSgq [Ojrjxg ak\Odf vgixg ag\kAqb TEKfgxlG fyeq oOGeqx mOTee aSOTr sOjGe akjv 27, 2023 r rqDmg\b wg (Kg) eAqj 229 [OW 2023 x ajg mpee wgSgq [Ojrj [rbqb sDjgfgKkTc fyqxgrad vpjkd wgjOTrqxg ajA mpqDj okTq _kWAKb WOirOdmrbe ebagG [Kgr rg cg wge aSOT [egqb KOTre sOjGf aKk mkdoEeq Fyrki myeqKb SIoESg!

ZKgxg okT sOjG [OW aegwbjxg [Ojrj [rb [ldfgi vgW cKfgK [lA zg abjkmgrjExg qlEve wgSgqeg!

sEflANG slK (Kg) eAqj 58 [OW 2023 [rbe akjv 27, 2023 r sOjG [Kge ccalEG [aKbi [Ojrj wgSgq jgG wgfgKE (KgzgM) eAqj 229 [OW 2023 [rbxg wgfgKej [OTSgq abfbA vbjkaeg agfp [aKbi agfp (apfp) fDjkTq \beg\Exg alAqj [a [OTjgq FOdvOA xOwgaOoOE (73) [wOdw mpSgrDjq fg [pv KOaOskEf, spKkAFOi mkTKOA mpjde wgfgKej [OTrbe WkTM fyjdSgqeg!

sEflANG wgfgKE [Kgxg sEflANej/wDjgEKgwkM jlKwOErlEGKgie aegwbj mlcgKmlfgz [lKlAqDmgxg ogM [ljg\kc sagfgxg vljalE rgixkimbi xkiap, fkTN-7, sD_kfj eAqj 4 (qkqbwjk) [aKbi [GKbAxg wDjKgrlEG KpqOT okBsgNeg!

[rbx sEflANG wgfgKE [Kgxg wDjOWOjak jlKwOErlEGKgie aegwbj mpZkdsg vgW KlsDjlfjg rk. jkclKsbakj, aegwbj mpZkdsg fDjkTqlM [lWljK [lEr ogMK rgwkjGalEGsg [lrgKelM vgW KlsDjlfjg rk. zbAmbEaki zb_kMeA [aKbi agegKfDjg [OW fDjkTqlM [lWljK (xzjEalEG [OW TErg\k) sg KlsDjlfjg [egMsbakj Ck, KkKfDjg zqE (eD\b rlmg) eg!

aaki Fkxg 28 r WkTM fyjdSgq sEflANG wgfgKE [Kg ZKg okT sOjG [OW aegwbjxg [ldfgi vgW cKfgK [lA zg abjkmgrjEe mySGmdwr wgfgKejKgixg akTspr Kgeg\j skBEKlM akTqA olAvErDje mlNmx aokdwb skBEKlM [cp wlqAe [lKgKG fySg!

wgfgKejxg Kgeg\j skBEKlM [lA olAvErDje WOirOdSgqr aokdsg akTsprxg sOjG [Kgr WkTM fySgq jgG wgfgKE (KgzgM) eAqj 229 [OW 2023 [rbxg [Ojrj [a akjv 27, 2023 r sOjGe wgSg!

sOjGe wgSgq [Ojrjr wgfgKE [Kgxg [okEq jlKwOErlEG [OTjgq aegwbj mpZkdsg aobG KgEq vgW KlsDjlfjge xzjEalEG [OW TErg\kxg agegKfDjg [OW fDjkTqlM [lWljKe wgjdw vljOMxg afbiTEe jlsalErlKE Fkeeq SIoESgqx mOTee sOjGe wgSgq [Ojrj [rb WIq ebagGfxg v\OM ajgxg aebir [rbZp xyokfg okT sOjG TAWkM qlEve al 26, 2003 r rqDmg\b wg (Kg) eAqj 4281 [OW 2002 r wgSgq [Ojrj [rbxg wjgir agfp/apfpqb KlrD\bMr fDjkTqsg mgKGf vEeeq Fqd mySGeq SIoESgqeg okTSg!

[rbA [OTead okT sOjG [OW aegwbje ccalEG [aKbi [Ojrj [rb wgjq afbi [lwDjgM 20, 2023 r aegwbj mlcgKmlfgz [lKlAqDmgxg ogM [ljg\kc sagfgxg vljalEe jgcOmbKE eAqj 55/2023-([pv [l Kg) mySg [aKbi [lwDjgM 21, 2023 re [GKbAe wDjlK KDflGalEG [a FOdfbe [lwDjgM 29 qb aegwbjxg fDjkTqlM ag\kAxg qDmld mlfj rleg okTe WOirOdSg okTe sOjGf KqagKE fySg!

mOTee ogM [ljg\kc sagfge mySgq _kjlN [aKbi [GKbAxg wDjlK KDflGalEG [rb mOxg ak\Odfeg okTqx mOTee [KgxbAq _kjlN [Kg ogM [ljg\k sagfge myq ZArl [aKbi [KgxbAq _kjlN [Kg ag\kAr KjsbmlG fyqxg [\kqKb mpfqe vGFjdmgq Fy[Oi [egad sOjG [Kge wgSgq [Ojrjxg ak\Odfeg okTSg!

mOTee aegwbjxg fDjkTqlM ag\kAe sOjGsg [Ojrj [Kgqb oEFe myjx [fAee okT sOjGsg [OFOjgfgqb Kgieq \kjOT okTq _kWAKb WOirOdSg!

ajA [Kge sEflANG wgfgKE [Kgr \kBjgq jlKwOErlEG eAqj 1 [aKbi 2 [Kge vGFjdw sEflANG [OTq Fy[Oixg afbiTEe aSOT [egqb sEflANG [OW sOjG [ldG, 1971 [aKbi sEKfgfD\bKE [OW TErg\kxg [kjfgsM 215 xg afbiTEe vpjkd wgWA FOdT okTqx mOTee aSOT [egr sOjGsg akTsprxg odvgEe myqx mOTee eOfgKKgi TKb fyqgeq wDjl\j fySg!

sOjGe sEflANG slK [Kgxg akTspr wgfgKejKgixg aobG KgErbe mlNSgq Kgeg\j skBEKlM [lA olAvErDjxg KqagKEKgi fkjq afbir jlKwOErlEG eAqj 1 [aKbi 2 [OTjgq ogM [ljg\kc sagfgxg vljalE [aKbi [GKbAxg wDjKgrlEGwb Fk [Kgxg 8 r sOjG [Kgr aKk-aKk mkdeq SIoESgqx mOTee aSOT [egqb KOTre mkdoEeqxg Fqd rg cg wg aegwbje mySGsrqeg okTeKb rgjldKE wgSgqeg!"
zkTK wDjKgrlEG RESje [lA \br wkiFOdw TEfjldKE wDjOxDjkAr Kg [lAqb [Wq mbvgiqeg okTe FkxGmAml,"TAWkM, al 03 2023 : aegwbjxg vgW agegKfj eOiFOAqA qgjlE WbGqOM KkEejOT [a [OTe oyjdSgq ajAe xOM vEeq oOGeqr \kAe Wcq wkK fyq ZAq mbvgiq [aeg!

mOTee TErg\k xzjEalEGe eOjF TKGsg KDflGKgiqb olEe vkBSGoEeqxg [SEeq agG\li FArbe Fqd s\kKb wkTSGw ZAml okTe mpqkd [Kgxg zkTK wDjKgrlEG cxrgN RESje WOirOdSDjl!

aegwbj \beg-zjKgfge KgErbe jgAK, KlEfDjlM [lxDjgsMvjlM \begzjKgfg, [lE [kT fg, [kT [kT [kT fg, elKeM KDwOjGK \begzjKgfg, TEKfgfD\bG [OW qkT[O-jgKOjKlK [lEr KKflelqM rgzmNalEG, [kT Kg [l [kj, Kg [lK [kT [kjxg WlsMfgKgi [aKbi KkTEfgKGKgi [arg akKfj sDjkWGK wjKEK [lEr elKeM [l_kjrgKgix wbEe TEfjldKE fyqxg FyjA [rbr zkTK wDjKgrlEG cxrgN RESje aSk fke WOirOdSgqr aegwbj okTq mArA [Kg sMvjr \kAe Tekd SbEq aWA [aeg!

aFI mkdw afArrg wbEe [af [OTe WAagEerbe _kjg _kfkT KOTre Kkxeg!

ZKg akmlAr TErg\kxg [OTjdmgq WgzA [Kg [abds olEe [Wq mpqkd [a [OTq ZAeq oOGeqr [pSOT wbEe oOGeagEeq vIT!

wDjkTA agegKfj ejlErDj aOrgxg agG\li aSkr aakiFdf fyjArq Fqd mlNw mpfe wkiFOdfbe mkdmg!

arbade vkBe [[OEq [a mkdfbe TErg\kxg KDflfKf vkBe [oOiq mkdml!

aKgxg aFdf [ldG TKG wOmgKgxg aebi vEe fOZkE-fOZkEq rgzmNalEflM wDjOxDjkAKgi wkTSGfbe vkBe [oOiq wbjdw ZAml!

[pSOTxg TErg\k okTjgq mpqkd [Kg aKkxg sMvj mpcq vog mgKgi aZk olEe fOZkE-fOZkEq mA s\kr Fqd fyrbe mkdmq mpqkd [aeg!

akmlAr mpjgq mpqkdKgixg aebir TErg\k okTjgq [pSOTxg mpqkd [Kg fON-fONw mpqkd [a [OTjgqeg!

[rbxbAe aegwbjKb fbjgcAxg Wcjq aWA s\ke FMmq, [kjG [lEr sMvj, KDwOjGK [arg fOZkE-fOZkEq ogjA s\kr mpqkd [Kgqb akmlAr aKd fkdwr [vyq Fyrki myjg!

mkdsryjgq vog 2047 WkBqxg aebir SD_kTrxg vkBSGw mpqkd [aKb [OTq ZAmxeg!

mpqkd [Kgqb [[OEq [a wbjdw ZAeqxgrad vog 30 olEe vIe fOZkE-fOZkEq SI-opjq ag[OT s\krxg KclKEKgi myjq afbir eD\b [lcbslKE wOmgKg-2020 wbFOjdSgqeg!

aE sg qkGf oErd wDjkTA agegKfj ejlErDj aOrgx odFliee WOEr _kjg KkeSgq qgc\kKkEfgx ZKg odFliee Berbe _kjg Kkeq afAr aokdsg akTFOir wDjkTA agegKfjx _kjg Kkeq WIqxg ebZkTq KdWA [rb a\ld Klie Bq ZAag!

[rbxbAe mpqkd [Kgr mpjgq eok Sbrgiade ogjA Sbrgiadf sEe oOGeagEeq vIT!

mOTee aopjOTKgieKb \kAe sEe oOGerbe aImgq aImkEKgi [rb Fbiq WIeq oOGexrqeg okTeKb [wgM fySg!

FyjA [rbr Kjbd \kSgq vgW agegKfj eOiFOAqA qgjlEe okTSg, aopmOTKIKgir fkdwg-fAqgjgq [OckKgie aopjOTKgir qlKgd eOmlc [OTe jgcjz WOjlKG, wDjOfldflr [ljg\k, _lGmlEr [ldG [arg elKelmgcA okTqKge sjgeO okTqrb a\ld Klie fkdwg-fAqgq aFy fkT!

aKgxg _kSMmOE [Kg okEe [aGf mpjArqe SbEekT [Kgr FOdoEegirq FyrOd-_kFOd s\k [Kg FOdmdweg!

ajA [rbe [pSOT wbAeade elKelmgcAqb akir FArbe Fqd fyq vIT!

mOTee mArA [Kgqb akicgM Fkq KDflG [a [OTeqxg wkErAr rgzmNalEflMxg [OTq Fqd-FyjA s\k mlNw mpfe wkTSGmg!

mArA [Kgr mpcjgq elvjlM [arg sMvjlM oljgflcKgi [abds olEe akmlAr SIoEeq oOGeagEeKg!

mOTee alrgslM fbjgcAevgiqKb [abds olEe vkBSGoErbe \bAFIeq KDflGKgiqbKb mArA [Kgr mkdoEeq oOGeKg okTqevgiq _kWA s\k WOirOdSg!

ZKgxg FyjA [rbr Kjbd \kSgq aegwbjxg xzjej [ebKbT\k BTsleKb zkTK wDjKgrlEG cxrgN RESjqb fjkAe [Odwx mOTee aegwbjxg Wcjq sMvj [arg aegwbjr vkBe [oOiq s\k mkdmgq [Kgxg afkir _kWA s\k WOirOdSg!

aegwbj \begzjKgfgxg zkTK vkEvlmj wDjO. [lE mOslErDje [FOTq agFbiKgiqb fjkAe [OdSgqx mOTee mli\kE Wg [arg alalEfOevgiq SbrOM fArbe TskTSbAeq BGSg!

ZKgxg FyjA [rbr WOjlKG [lEr TEzkTjOEalEG agegKfj fg [pv qgKD_cgG, [lcbslKE agegKfj fg [pv qKEfsbakj, fg [l [lEr ogMK agegKfj mlGwkB okBsgN, zlfjgejg agegKfj SkKgA zkKbA [arg agegKfj [OW KDflG WOj [ldKfjelM [lWljK [lEr [lcbslKE [kj sl jEcEKb Kjbd \kSg!

aegwbj \begzjKgfgr wkiFOdSgq TEfjldKE wDjOxDjkA [Kgxg aki[OTee zkTK wDjKgrlEGe TAWkMr Fbimqx rg [lA sOmlc slAwKf mpq ReaEcbjg \begzjKgfgr wkiFOdSgq aopsOM [Kgxg [OckKgi [aKbi WlsMfg alAqjKgixxg [OTq TEfjldKE wDjOxDjkA [arKb Kjbd \kSg!

zkTK wDjKgrlEGe FyjA [rbxg SbrOivkq myjrbe eD\b [lcbslKE wOmgKg ([lE T wg) 2020 qb vN vke Fqdf [OEFOdeq oOGeqr wbAeade afli wkiqgrbe mpqkd [Kg [Wq mpqkd [a [OToEKg okTe [wgM fySg!

wDjkTA agegKfj ejlErDj aOrge vkBSGw mpqkd [a [OToMmdeq oOGeqr ak\Odejgq SbrOivkrqKgi afy sjAe ak\Odexrxl okTqrb SIqx mOTee mySGmdw FqdKgixg aope mpqkd [Kg oycgd [lcbslKExg mAr Sbaki vkBKgEq mpqkd [a [OTjdmg okTeKb KgiFkSg!

afA [ar mpqkd [Kgr vGejAq xbjbsbMxg [lcbslKE KgKflA [rb \kAe afgd a\kT mpq [aeg okTqx mOTee [lcbslKExg mAr akmlAr mpqkd [Kge ogjA Sbrgiadf akicgM Fkq ZAml okTeKb WOirOdSg!"
SGe-vpeq FOdmqrg aKk-aKke fldvkd wbcxrqeg : \beg\E,"TAWkM, al 03 2023 : eOimkTski fDjkEKwOjG \beg\Exg aebi vEe mpcjgq KOKkTfg/[lKOKg[lKEKgixg mpZkde wgqgrbe aakiZprxg vGvrbe ag\kAxg FyxM fyrbe mkdvjgq jbGKgir TSI-SIoyre T-jgdKO, T-[OfOKgi vIKgMmdmgq [Kg vIoEreq agWA [a wkiFOdfbe SEe-epeSDjl!

\beg\E [Kgxg aoyKkrxg vGvrbe mkdvjgq jbGKgi [arg wkjsgiKgir sekxbAqxg xkjgKgi, T-[OfO, T-jgdKOKgi mAolE-fbolErbe vImdwrxg SGe-vpeq FOdmqrg aKk-aKke fldvkd wbcxrqeg okTe agWA [rbe \keSDjl okTe eOimkTski fDjkEKwOjG \beg\Exg KlsDjlfjg fg [pv qDjOclE agfpe FkrOjdw vljOM [ae WOirOjdmg!

agWA [rb \beg\E [Kgxg zkTK wDjKgrlEG KgekA rlqlE, mkTegiFy wkSIq fDjkEKwOjG [lKOKg[lKE aOiKkixp aSk mpskTr mpqxg \bAr wkiFOdSgqeg!

agWA [rbr Kjbd \kSgq eOimkTski fDjkEKwOjG \beg\Exg wDjKgrlEG TEfjelKeM [l_kjrg [lA rgelKD_je WOirOdSgqr, egiKgiq FOdfDjgZp afArxg fDjkEKwOjGsg KjzgK fyrbe mkdvjq aKke aKkxg Fqd wgcrbe ag\kAxg vGFOd-vGKgEr SbrOivkoErbe [Fb-[skT eIoErbe afA akioEre mkdvjgq [OfO, alcgdKgiqb aSOT [Kge myjgq Fyrki s\kqb KgiFkrbe FkxGw WOirOdSgqx mOTee \beg\E [Kgxg aSkr mpjgq KOKkTfg/[lKOKg[lKEKgixg xkjgKgieKb skimOE vbAe xzjEalEGe wgjgq aKk-aKkxg jbGKgi [arg wkjsgiKgir xkjg Fkqgeq [aKbi xkjg vGwg\b okTeKb [wgM fySg!

oySgq [lwDjgM 26, \bAKspK ebagGf ebwk spFlM _koliqA mpskT wkjsgir v[OGerbe mpjAq wkjsgi [rb [OejlqM okT sOjGsg [Ojrj [axg afbiTEe [lK wg fDjkWgd sEfDjOM wbmgKe mbvgirbe skimOE vbAe xkjgKgixg wkjsgi KgErOdwgqqb agWA [rbeKb FkxGw WOirOdSg!

aop-aKgE egiFge opcjq mpZkdsg Fqd-TESkirg SIcoyrDjq [OfO [arg alcgd Fyrbe ogicjgq ag[OTKgixgradfKb [ZAq Fkdf afli wkixeg okTSg okTjg!"
KgrK sAwDmldKsg [OWgK qgMrgixg BjlN-B\bi fASDjl,"TAWkM, al 03 2023 : KOKg[O TseOagd [lEr TEzkTjOEalEG rgzmNalEG KOKkTfg (KgrK) aegwbjxg [OWgK qgMrgixg BjlN-B\bi fAqxg FyjA [a ZKg Kopqbi zgmlcxg aekdf mpq [OmgAwg\E wkjdsg eksMr wkiFOdSDjl!

KgrKsg [OWgK qgMrgixg BjlN-B\bi fAqxg FyjA [rbr agegKfj [kT wg [kj, olMF [lEr Wlagmg _lMWlj, xzjEalEG [OW aegwbj rk. [lK jEcE, KOKM _lMWlj, mlqj [lEr WgKjgc agegKfj opSkA rgixO, rgjldfOjlG [OW TEzkTjOEalEG [lEr sDmkTalG vlEc xzjEalEG [OW aegwbjxg cOTEG rgjldfj rk. fg qDjcsbakj [arg KgrKsg zkTK wDjKgrlEG jOqgErDjOe aFIKgGe vgW xlKG, xlKG [OW [Oej, KDwlKM xlKG [arg wDjKgrlEG [OTe Kjbd \kSg!

FyjA [rbr Kjbd \kSgq rk. [lK jEcEe WOirOdSgqr, eOi sEe vbjdmqrg Sbrdf TKgi-TvkB FOdw [arg eOi vbjdfDjxe TsI FOdwxg FyrOd FOdmgq [Kg aoyKkxg SM skTFjdwrxg [OTjdweg!

ZKg KDflG [Kgxg [OTeKb vgi wbAead ajb sOdSgrbe ob vlMmq mpqkd-mpokB okTqrb [OTjl!

oycgd [OTjgq WgzA [Kgr [rbad aSk fke vGFoMmqrg TKgixg [_kGw mpjArq vgixg TWbG s\k akiKgMmdmgqKgi Sdf eGfe fOZkE-fOZkEq vpFli s\k WIrbe ag[OTq [pSOTe ogiqr _kjxeg!

vgi ajb sOdFjdmgq [Kg [pSOTe fjkTe myWA FOdfl!

aoyKkxg SM Zkde FAmq afArf fbjgcA KldfjKb vkBSGw ZAxryjgqeg okTSg!

FyjA [rbr agegKfj opSkA rgixOe WOirOdSgqr, [Kliq oycgdsg [OTq mkE okTjxrg aoyKkxg skTFjdmgq mkEWA [Kgqb Flieqeg!

sekxbAq ag[OT Sje aKkxg skEeq Sd \lirbe Fqd fyeq [KgxbAq WgzA [Kg \yjdSgqeg!

ajA [rbe [pSOT wbAeade [af [OTe mkEWA [Kg FlieoyrDjqrg fbir TjArA aegwbj [Kg SA Flie [_kq ak\Odejdseg okTeKb WOirOdSg!"
'mpZkde WbjbN [aGfxg FaOT KOdsrq Fqd fySgq mpfl',"TAWkM, al 03 2023 : aegwbjr fOZkE-fOZkEq WbjbNKgie wbEe SbErkagEejgqKgixg ajdf _kSM fkerq wbAead \kBe okTegiq/Zkiegiq wbAq egiFgce _kSM fke aegwbj mpZkds _kjg Kkejx KEfkTeqxg fkEck myqg\b okTe qg cl wg aegwbj wDjrlKsg wDjKgrlEG [Rgskjga\bA Kjrke ag\kAr [wgM fySDjl!

ZKg TAWkMxg egfD\kTwkG vbFldf mpq FAqkM KImlEr wkiFOdSgq wkBxg agWAr aokde aSk fke okT, oycgd WkBqr Tjpqkd TjArA [Kgxg [OTe wkTSGmgq FqdKgi [Kgr ZKg WkBqr sekxbAq WbjbN [aGfqb FaOT KOdsrq Fqd [aGf mpZkd [Kge fySgq mpSgrDjg!

aKgxg [vyq SbrA okTqqb aaki vogr wkiFOdSgq aegwbj KZkT WlKfgzlMxg alE zleD\b [OTSgq aOTjki Sbeyr [lFegd wkjd [a KlAxGfbe aegwbjr SbErkagEejgq fOZkE-fOZkEq TvgM-TekBKgixg aKd fkdw \bA [aaA Kkrbe FAmgq [Kge mlirq SbrAeg!

oErd vbjkvkErwbjr aegwbj mpZkde odvki Wqe mEeg okTqxg wkErAr vgW agegKfj [lE qgjlEe rgKfDjgdG [fprKb okirOdSgqxbA ag[OT Sbrgiad aKk-aB We FAeqxg wkErAr [OwE cgA [a okirOdeq Fyjki mySGmdwr wkArq FyrOdKgi FOdSg!

okTjgq cgA [rb awbi Wke Fqd wkTSGwKb mOTrDjgqeg okTjrbe awbi Wke FAmq afbir ag\kAr SbGKgEeeqxg Fyjki fySgqeg!

[KgxbAq SOiFki [Kgr fOZkE-fOZkEq wOmgfgslM wkjfg [aKbi wOmgfgdK fyjgq TvgM TekBKgie \kAe Wcrq _kop-_kfkKgi KgcgEeSgq [rb aSk fke fyqgxeb okTSg!

vbjkvkErwbjxg FyrOd [rbr mpqkdsg mbvgiq [ar \kAe mpqkd avk fkre Wcrq _kop-_kfkKgi KgcgEerbe ZkimdwqbKb qg cl wg aegwbj wDjrlKe sErlA fyT!

aegwbj mpZkde _kj [OE rDjxK slAwlE vGFjdmgq [Kg saD\begfg [ar KOdoEeq eGfl!

slAwlE [Kgxg wkErArg ajb [OTe fbixg \bAqgjlMKgi sEeq oOGeqx mOTee BaI sOdFOjdwe [sOTqxg WgzAr vkBe wgjdmgq KkWb [Kg sOdoEeqeg!

mOTee B-_k \kEFGfbe vgiakTKgi ajb sOdFOdmx wOwg wkAqg Fkjgq ag[OTKgieKb _kSM SEFqxg afA [OTjl okTSg!

oycgd oOimdmgq [TI-[Kkxg WgzA [aKbi skTFjdmgq [Kgxg ak\Odf [Wq TEzkTjOEalEG [a [OToEeq mpZkde wkTSGmdw FqdKgieg okTSg!

mpagEejgq WbjbNKgixg aebir agK[ErjKDflErgi [OTq \kq FyrOd [aGf FOdoEqgxeb okTSg!

ZKg aegwbj mpZkde wkTSGmgq Fqd FyjAKgi [Kge mArA [Kgqb [[OEq [a wbjdoEq ZAmqeg okTjrbe mpZkde wkTSGmgq vkBSG Fyjkixg FqdKgi [Kg aegwbjxg ag\kAxg \kTWeqeg okTSg!"
sOjGe \bF sOixDjlKsg wDjKgrlEG [lE wOwgmkMr [lqKOmbG qlM wgSDjl,"TAWkM, al 03 2023 : oySgq WlqDjb_kjg 9, 2023 xg ebagrki wbi 9.30 jOA fkjdwr afA [rbxg qg cl _kT [lAxg wDjKgrlEGeg okTq ag[OT [ae mAWlM wg [lKf WkTM fyjdSgq jgwOjG [ar ebagGfbxg ebagrki wbi 9.10 jOA fkjdwr qg cl wgxg _kZkimOTeg okTq [lA KbjlK (35) [wOdw [lA [OmgE, sdvgi Sbey ogcA aegi mpskTrxg mAWlM Kek spFlMr mpjq ag[OT [Kgx qg cl wgxg [OWgK KlsDjlfjgeg okTq [mldK egZOAqA (23) [wOdw [lE [cgGsbakj syq qkaOE mpskT aIxl aSOirxgeg okTq ag[OT [egqb Wb-vpjAag okTq FyrOdsg afkir mAWlM wg [lKe mySGw slK [lW [kT [kj eAqj 32 (2) 2023 rxg [lEfgKgwlfjg qlM myrbe mpjdSgq oycgde aegwbj wDjrlK \bF sOixDjlK sagfgxg wDjKgrlEG [OTjq egiFycA wOwgmkM (28) [wOdw [lE jkalK, W\li a\kT mpskTr sOjGe [lqKOmbG qlM wgSDjl!

[lE wOwgmkMe BjgwOd vpjkN sOjG sAwDmldKf mpq KlKEK cc, TAWkM _lKGsg sOjGf mAWlM wg [lKe mySGw slK [Kgrxg [lEfgKgwlfjg qlM wgqgeq okTcjdSgqeg!

aokdsg wDjl\j [rb sOjG [Kge sDjgagelM agKmleg\K ([l qg) slK eAqj 22 [OW 2023 [OTe mySGmx [lE wOwgmkMr [lEfgKgwlfjg qlM wgjdSgqeg!

mOTee sOjGsg akTsprxg aZOEr wgjgq [lEfgKgwlfjg qlM [Kgxg afkir SEeeq wbmgKsg akTsprxg ajg mpeq jgwOjG wgjdeq SIoESgqx mOTee sDjgagelM agKmleg\K ([l qg) slK [Kgxg og\jgi aaki Fkxg 26 f sOjG [Kgr wkiFOdSgqeg!

sOjGe alfj [Kgxg og\jgi vGFjdwr wgfgKejxg akTspr [lrzOslG [lK KD\kAvjEe mlNSg [rbx wDjOcgsD\bKExg akTspre wqDmgd wDjOcgsD\bfj sOKg\k akBe mlNSg!

[rbA [OTead ebagG [Kgr jgcjz fyrbe FAmdSgq og\jgi [Kgxg [Ojrje ZKg mkBFOdSgqx mOTee sOjGsg akTsprxg alfj [Kgx ajg mpee jgwOjG wbAead \liKgESgqx mOTee SEejq afbir [lE wOwgmkMqb mAWlM wg [lKe mySGmgq slK [Kgx ajg mpee sKfrg[lM TEfjOxlKE fyeqxg ajA WIrDjl okTqx mOTee aZOEr sOjG [Kge WlqDjb_kjg 16, 2023 r wgSgq [lEfgKgwlfjg qlM [rb [lqKOmbG qlM wgjl okTe mkBFOdSgqx mOTee aokdsg qlM alfjx ajg mpee mySGw slK [rbqb rgKwOc fyjl okTSg!"
zlfjkE cjelmgKG KD\kAsgKOj spKkAr Fg\kA wDjlAsbakj [l_kjr SbGKgEeSDjl,"TAWkM, al 03 2023 : ZKg akmlAxg aWA wbAeadf wkiFOdeSgqxbA KkogfD\ Fywki mbNe KgErbe wDjlK sDmqf wkiFOdSgq _jMr wDjlK rl FyjAxg aebi vEe aegwbjxg KdekTjq zlfjkE cjelmgKG KD\kAsgKOj spKkAr Fg\kA wDjlAsbakj [l_kjr mkEFOdSDjl!

[l_kjr [Kgr KlM [OTe mbwk mgKgi 10 [aKbi KdSI vlx mOTee mli\kE Wg [a \kBjg!

ZKgxg FyjA [Kg wOdeWA wkBvlxg [lrgfj [jgqA jOqgErDjOe [FOTq agFbimlE [OTjx aegwbjg mgfjljg KOKkTfg, TAWkMxg wDjKgrlEG eOiapskwA sgjEsbakje FyjA awb [OTSg!

FyjAxg aebi vEe [lK [pv wDjomkre agWAmOT [OTrbe fOZkE-fOZkEq [Tq-[Tqg s\ke KpjliKgi wkFOdeSg!"
vgW cKfgKe FyqkM sOjG sAwDmldKf mgxlM [lr rgWlEK skBEKlM KgKflA okirOdSDjl,"TAWkM, al 03 2023 : aegwbj KDflG mgxlM KjzgKlK [OFOjgfg (aKMKk) xg wlfDjOE TE vgWKb [OTjgq okT sOjG [OW aegwbjxg [ldfgi vgW cKfgK [lA zg abjkmgrjEe ZKg FyqkMr mpq rgKfDjgdG [Kgxg KlKEK sOjG sAwDmldKf mgxlM [lr rgWlEK skBEKlM KgKflA ([lM [l rg Kg [lK) okirOdSgqx mOTee sOjG sAwDmldK [Kgxg cKfgK sDmOd [aKbi olMN [aKbi T WkTmgixg olMN rlKdKb okirOdSDjl!

FyjA [Kgr aKMKkxg [lxcgsD\bfgz vljalEKb [OTjgq okT sOjG [OW aegwbjxg cKfgK [oEFlA qgaOM [aKbi okT sOjG mgxlM KjzgKlK sagfgxg vljwjKEKb [OTjgq cKfgK [l xbelKD_jKb Kjbd \kSg!

FyjAx ajg mpee cKfgK [oEFlA qgaOMe WOirOdSgqr ZKg okirOdmgq mgxlM [lr rgWlEK skBEKlM KgKflA [Kge sDjgagelM slKKgix ajg mpeq mkTjq [aKbi aFy fkq ag[OTKgir mlAe mgxlM [lr [aKbi [lKgKflEGKgi wgq ZAoMmxeg okTSg!

[rbx cKfgK sDmOd okirOdmgqxg ajAe rgKfDjgdG [aKbi KqOjrgelG sOjGKgix slKKgixg rgKwOclM [aKbi flErlEKgxg afkir ebagG Sbrgixg [OTe TEWOjalKE wgqx mOTee T sOjGsg afkirKb mgxlM [l_ljelK olEe wgqx mOTee TEWOjalKEKgi WIoEeqeg okTSg!

ZKgxg FyjAr aKMKkxg alAqj KlsDjlfjg [OclK abfbA, aKMKkxg [O [lK rg KOegsbakj elwDjA, FyqkMxg rgKfDjgdG [lEr KlKEK cc KkaOA TqclE, rg [lM [lK [l, FyqkMxg KlsDjlfjgKb [OTjgqg vgW cbrgKM alcgKfDjlG aKkek T wkEap, aKMKkxg [lrgKelM alAqj KlsDjlfjg KrkeEr KOjOdSkTqA, okT sOjG [OW aegwbjxg cOTEG jlcgKfDjkj KbzA zkKgKG, mgxlM [lr rgWlEK skBEKlMxg vgW/rlwD\bfg/[lKgKflEG [aKbi FyqkM rgKfDjgdG qkj [lKOKg[lKExg wDjKgrlEG [aKbi [lxcgsD\bfgz alAqjKgi, rg [lM [lK [l FyqkMxg [lrzOslGKgi [aKbi WDjEG [OWgKsg KDfkWKgix mOTee aKMKk [aKbi rg [lM [lK [l FyqkMxg KDfkWKgie Kjbd \kSg!

wEq \kqrg, ZKg okirOdmgq mgxlM [lr rgWlEK skBEKlM KgKflA [Kg elKeM mgxlM KjzgKlK [OFOjgfg (ekMKk) xg aSkr sDjgagelM slKKgi ak\Odejgq mkTjq ag[OTKgir mlAe mgxlM [lr [aKbi [lKgKflEG wgeqxgrad okirOdweg!

ZjkiKb qgKebwbj rgKfDjgdG sOjGsg sAwDmldKf KgKflA [Kgad okirOdSgqx mOTee TAWkMxg BjgwOd vpjkN sOjG sAwDmldK [aKbi mAWlMwkG sOjG sAwDmldKfKb okTjgq KgKflAKgi [Kg akicyee okirOdSDjqeg!"
